﻿{
  "ServiceUrlSettings": {
    "baseUrl": "https://goldservices.manappuram.net"
  },
  // "ConnectionStrings": {
  //   "DbConnection": "Data Source=(DESCRIPTION= (ADDRESS_LIST=(ADDRESS=(PROTOCOL=TCP)(HOST=10.192.5.13 )(PORT=1521))) (CONNECT_DATA=(SERVICE_NAME=testdb))); User Id=mana0809 ;Password=",
  //  "Password": "8rLdaQdhq0QR/TXnSJdkfg=="
  // }

  "ConnectionStrings": {
    "DbConnection": "data source=UATDBNW;persist security info=True;user id=mana0809;Enlist=false;password=",
    "Password": "ZOZ49yZpWCcR/TXnSJdkfg=="
  },
  "isLog": {

    "status": 0
  }


}
